review_id,rating,content,review_date
r001,2,按钮太小了 手指粗一点根本按不准 连击很难触发,2026-05-03
r002,1,玩十分钟手机就烫手 电量掉得飞快,2026-05-05
r003,4,玩法挺有意思 弹珠手感还行,2026-05-06
r004,2,瞄准太难受 拖半天也调不准 建议加个轨迹线,2026-05-09
r005,3,画面不错 就是操作别扭 手机上玩像在用鼠标,2026-05-12
r006,1,发热严重 背面烫到拿不住 已卸载,2026-05-14
r007,5,碎片时间玩很合适 一局两分钟,2026-05-16
r008,2,切后台再回来分数就不对了 每次都丢分,2026-05-18
r009,3,关卡有点重复 但免费还行,2026-05-21
r010,1,广告太多了 玩两局弹一次广告,2026-05-24
r011,4,连击爽快感不错 再优化下手感就完美了,2026-05-27
r012,2,手机发热加掉帧 双 11 买的手机都带不动,2026-05-30
r013,3,还行 但发射键太小 误触严重,2026-06-02
r014,5,挺上头的 已经玩到 60 关了,2026-06-05
r015,2,耗电大户 后台挂着还联网 流量也走,2026-06-07
r016,4,比预期好玩 弹珠物理挺真实的,2026-06-10
r017,1,一发热就卡 卡到完全没法玩,2026-06-12
r018,3,希望加个竖屏锁定 横屏的时候按钮乱跑,2026-06-15
r019,4,连击设计不错 就是 400ms 窗口太苛刻,2026-06-18
r020,2,签到奖励太少 不氪玩不动,2026-06-21
r021,5,好看也好玩 支持国货,2026-06-24
r022,2,进度不同步 换手机重装就没了,2026-06-27
r023,3,中规中矩 操作优化后可以考虑内购,2026-06-30
r024,1,玩半小时耗电 20% 果断卸载,2026-07-02
r025,4,弹珠和消除结合得不错 加油,2026-07-05
