"券商导出：美股持仓分红明细(原始数据,未整理)",生成时间:2026-07-31 16:32,账户:IBKR-U12345678
"注意:以下为系统原始导出,格式未经整理;REIT/BDC 为月度或季度派息,以实际日期为准"
,,,,,,
ticker,类型,每股股息时间序列(日期:金额),备注 / 8-K 片段
JNJ,普通股,2024-08-27:1.19|2024-11-19:1.19|2025-02-18:1.19|2025-05-20:1.19|2025-08-26:1.19|2025-11-18:1.19|2026-02-17:1.19|2026-05-19:1.19,"派息政策:季度现金股息"
KO,普通股,2024-09-13:0.485|2024-12-13:0.485|2025-03-14:0.485|2025-06-13:0.485|2025-09-12:0.49|2025-12-12:0.49|2026-03-13:0.49|2026-06-12:0.49,"派息政策:连续多年派息"
PG,普通股,2024-08-15:0.9406|2024-11-14:0.9406|2025-02-13:0.9406|2025-05-15:0.9406|2025-08-14:0.9406|2025-11-13:0.9406|2026-02-12:0.9406|2026-05-14:0.9406,派息政策:季度现金股息
MMM,普通股,2024-09-12:0.70|2024-12-12:0.70|2025-03-13:0.70|2025-06-12:0.70|2025-09-11:0.70|2025-12-11:0.70|2026-03-12:0.70|2026-06-11:0.70,"2026-06-20 8-K:审计委员会公告更换独立审计机构,原审计师任期未满;同日公司宣布首席财务官卸任,未说明具体原因"
O,REIT,2026-01-02:0.2655|2026-02-02:0.2655|2026-03-02:0.2655|2026-04-01:0.2655|2026-05-01:0.2655|2026-06-01:0.2655|2026-07-01:0.2655|2026-07-31:0.2655,"月付;8-K(2026-02-10):董事会重申股息政策,认为现金流可覆盖当前派息"
ARR,R.E.I.T,2026-01-12:0.40|2026-02-10:0.40|2026-03-10:0.40|2026-04-10:0.40|2026-05-08:0.40|2026-06-08:0.24|2026-07-08:0.24|2026-07-31:0.24,"2026-05-06 8-K:宣布月度股息由 $0.40 下调至 $0.24,管理层称系利率环境与资产收益下降所致"
STAG,REIT,2026-01-15:0.1225|2026-02-13:0.1225|2026-03-13:0.1225|2026-04-15:0.1225|2026-05-15:0.1225|2026-06-15:0.1225|2026-07-15:0.1225|2026-07-31:0.1225,月付
MAIN,BDC,2024-09-13:0.215|2024-12-13:0.215|2025-03-14:0.215|2025-06-13:0.22|2025-09-12:0.22|2025-12-12:0.225|2026-03-13:0.225|2026-06-12:0.225,"季度派息(含部分 补充分红)"
ARCC,BDC,2024-09-30:0.48|2024-12-31:0.48|2025-03-31:0.48|2025-06-30:0.48|2025-09-30:0.48|2025-12-31:0.48|2026-03-31:0.48|2026-06-30:0.48,季度派息
NEWT,BDC,2024-09-15:0.42|2024-12-15:0.42|2025-03-15:0.42|2025-06-15:0.42|2025-09-15:0.40|2025-12-15:0.38|2026-03-15:0.33|2026-06-15:0.30,"派息连续四个季度下调"
GEO,R.E.I.T,2025-01-15:0.28|2025-04-15:0.28|2025-07-15:0.28|2025-10-15:0.28|2026-01-12:0.28|2026-04-10:0.28|2026-07-10:未派息(?)","备注:2026 年 7 月未收到派息,券商系统显示 0.00;2026-06-30 8-K:宣布董事会决定暂停季度现金股息以保留现金"
VZ,普通股,2024-08-01:0.665|2024-11-01:0.665|2025-02-01:0.665|2025-05-01:0.665|2025-08-01:0.665|2025-11-01:0.665|2026-02-01:0.665|2026-05-01:0.665,季度派息
LYB,普通股,2024-09-09:1.31|2024-12-09:1.31|2025-03-10:1.31|2025-06-09:1.31|2025-09-08:1.30|2025-12-08:1.30|2026-03-09:1.30|2026-06-08:1.30,季度派息(周期股,派息随盈利波动)
