order_id,date,region,customer_id,amount,status
A1001,2026-01-05,华东,C88,1299.50,completed
A1002,2026-01-07,华南,C12,458.00,completed
A1003,2026-01-12,华北,C45,3276.00,cancelled
A1004,2026-01-15,华东,C88,890.25,completed
A1005,2026-02-02,西南,C31,1520.00,completed
A1006,2026-02-09,华东,C77,2200.00,completed
A1007,2026-02-14,华南,C12,640.50,completed
A1008,2026-02-20,华北,C45,990.00,pending
A1009,2026-03-03,华东,C88,3100.00,completed
A1010,2026-03-08,西南,C31,760.00,completed
A1011,2026-03-11,华东,C77,1890.75,completed
A1012,2026-03-16,华南,C12,430.00,refunded
A1013,2026-03-22,华北,C45,5250.00,completed
A1014,2026-03-27,华东,C88,940.00,completed
A1015,2026-03-30,西南,C31,1210.50,completed
