txn_id	key	op	ts	counter	status
T101	order:1	write	1001	3	ok
T101	order:1	validate	1002	3	ok
T102	order:1	validate	1003	4	fail
T101	order:1	commit	1005	4	ok
T103	order:2	write	1006	1	ok
T103	order:2	abort	1007	1	fail
T104	order:3	write	1010	2	ok
T104	order:3	write	1011	3	ok
T104	order:3	commit	1012	3	ok
T105	order:3	write	1013	4	ok
T105	order:3	validate	1014	4	ok
T105	order:3	commit	1015	4	ok
T106	order:4	write	1020	1	ok
T106	order:4	abort	1021	1	fail
T107	order:4	write	1022	2	ok
T107	order:4	validate	1023	2	fail
T107	order:4	abort	1025	2	ok
T108	order:5	write	1030	5	ok
T108	order:5	validate	1031	5	ok
T109	order:5	validate	1032	6	fail
T108	order:5	commit	1033	6	ok
T110	order:6	write	1040	3	ok
T111	order:6	write	1041	4	ok
T111	order:6	validate	1042	4	ok
T111	order:6	commit	1043	4	ok
T112	order:7	write	1050	2	ok
T112	order:7	abort	1051	2	fail
T113	order:7	write	1052	3	ok
T114	order:7	write	1053	4	ok
T114	order:7	commit	1055	4	ok
T115	order:8	write	1060	1	ok
T115	order:8	validate	1061	1	ok
T115	order:8	commit	1062	1	ok
T116	order:9	write	1070	2	ok
T116	order:9	validate	1071	2	ok
T116	order:9	commit	1072	2	ok
T117	order:9	write	1073	3	ok
T117	order:9	abort	1074	3	fail
T118	order:10	write	1080	5	ok
T118	order:10	validate	1081	5	ok
T118	order:10	commit	1082	5	ok
T119	order:10	write	1083	6	ok
T119	order:10	validate	1084	6	fail
