time_window,orders_attempted,orders_succeeded,orders_failed,p95_checkout_latency_ms,active_users
19:30,412,410,2,820,1840
19:35,388,381,7,1150,1835
19:40,402,366,36,2400,1890
19:45,397,301,96,5800,1910
19:50,389,247,142,10400,1875
19:55,385,210,175,18200,1850
20:00,371,182,189,27600,1830
20:05,366,158,208,31400,1815
20:10,352,140,212,29800,1795
20:15,341,129,212,26500,1770
20:20,330,124,206,22400,1750
20:25,322,140,182,16800,1735
20:30,315,168,147,12100,1720
20:35,308,205,103,8600,1705
20:40,302,251,51,4900,1690
20:45,296,268,28,3100,1680
20:50,290,274,16,2400,1675
20:55,285,276,9,1900,1670
21:00,281,276,5,1500,1665
21:15,278,275,3,1100,1660
21:30,274,272,2,950,1655
21:50,271,270,1,820,1650
