id,title,type,requester,description
1,积分商城接入微信支付,feature,运营-小周,用户反馈积分兑换无法用微信支付，流失兑换流量
2,结算页运费计算错误（满减后运费未重算）,bug,客服-大刘,满减优惠后运费仍按原价计算，客诉集中
3,登录接口偶发 500（Redis 连接池泄漏）,bug,技术-老王,高峰时段登录超时率上升，监控告警多次
4,App 推送文案模板化配置,feature,运营-小周,运营希望不发布版本文案可自助配置
5,订单列表导出支持筛选条件记忆,feature,客服-大刘,客服每天重复设置筛选条件
6,清理废弃老 API（v1/orders，已无调用）,tech-debt,技术-老王,影响安全审计和部署镜像体积
7,首页 Banner 点击埋点缺失,bug,运营-小周,无法评估营销位效果
8,退款审核 SLA 提醒,feature,客服-大刘,超时未处理退款无提醒，客诉增加
9,MySQL 5.7 升 8.0（主从）,tech-debt,技术-老王,5.7 停止维护，版本升级风险大需专项排期
10,搜索排序规则支持运营调整,feature,运营-小周,品类活动期间希望按活动调整排序
11,优惠券使用后未发短信通知,bug,运营-小周,用户反映核销后无提醒
12,用户协议与隐私政策更新页,feature,法务-李律师,合规要求，本季度必须完成
13,图片 CDN 回源率过高,tech-debt,技术-老王,带宽成本环比上升 30%
14,iOS 深色模式下订单详情文字不可见,bug,客服-大刘,部分用户反馈订单页看不清
15,会员等级体系上线,feature,运营-小周,二季度大项目，含积分、权益、页面
16,抽奖活动页面（双十一用）,feature,运营-小周,运营临时需求，双十一前必须上
17,订单详情页骨架屏,feature,产品-陈姐,提升弱网体验
18,Android 12 通知权限适配,bug,客服-大刘,部分安卓机型收不到推送
19,日志平台接入全链路 trace,tech-debt,技术-老王,排障耗时过长，影响线上问题定位
20,优惠券核销对账不平,bug,财务-钱姐,财务对账每月多花 2 天人工核对
21,后台批量改价工具,feature,运营-小周,活动改价需逐单操作
22,支付回调幂等性修复,tech-debt,技术-老王,极端情况下重复入账，需先理清现状
23,新用户注册礼包弹窗,feature,运营-小周,拉新活动配套
24,商品详情视频首帧加载慢,bug,客服-大刘,弱网用户视频区白屏
25,数据仓库迁移（离线数仓换引擎）,tech-debt,技术-老王,数据团队专项，跨季度
26,发票开具支持电子发票,feature,财务-钱姐,企业客户高频需求
27,购物车满 99 免运费门槛展示不清晰,bug,产品-陈姐,结算页免运费提示不明显
28,小程序分享卡片自定义,feature,运营-小周,提升分享转化
29,管理后台权限系统升级（RBAC）,tech-debt,技术-老王,审计发现权限过大，安全整改项
30,库存同步延迟（ERP 对接）,bug,供应链-赵哥,超卖风险，高峰期丢单
31,客服工作台整合订单/工单,feature,客服-大刘,客服来回切换 3 个系统
32,静态资源压缩与缓存策略,tech-debt,技术-老王,首屏性能优化项
33,老版积分商城下线,tech-debt,运营-小周,新版上线后旧版已无流量，遗留接口
34,节日营销落地页模板,feature,运营-小周,运营希望有可复用模板
35,Android 低端机崩溃率优化,bug,技术-老王,crash 率高于行业均值 1.5 倍
36,供应商对账报表自动生成,feature,财务-钱姐,每月手工整理 40+ 份报表
37,短信通道切换（成本优化）,ops,运营-小周,供应商合同到期，切换节省 20% 成本
38,服务器容器化迁移,tech-debt,技术-老王,历史运维债，建议下半年专项
39,搜索同义词扩展（用户常搜词映射）,feature,运营-小周,"用户搜""充电头""搜不到""充电器"""
40,收藏列表加载慢（分页缺失）,bug,客服-大刘,收藏超过 100 条的用户卡顿
41,App 版本强更策略,feature,产品-陈姐,老版本占比高，新功能覆盖慢
42,官网改版,feature,市场-孙姐,品牌升级需求，与平台功能无关
